page,source_file
100,缩略/MONSTERHUNTERWORLDICEBORNE100_thumbnail.webp
101,缩略/MONSTERHUNTERWORLDICEBORNE101_thumbnail.webp
102,缩略/MONSTERHUNTERWORLDICEBORNE102_thumbnail.webp
103,缩略/MONSTERHUNTERWORLDICEBORNE103_thumbnail.webp
104,缩略/MONSTERHUNTERWORLDICEBORNE104_thumbnail.webp
105,缩略/MONSTERHUNTERWORLDICEBORNE105_thumbnail.webp
106,缩略/MONSTERHUNTERWORLDICEBORNE106_thumbnail.webp
107,缩略/MONSTERHUNTERWORLDICEBORNE107_thumbnail.webp
108,缩略/MONSTERHUNTERWORLDICEBORNE108_thumbnail.webp
109,缩略/MONSTERHUNTERWORLDICEBORNE109_thumbnail.webp
10,缩略/MONSTERHUNTERWORLDICEBORNE10_thumbnail.webp
110,缩略/MONSTERHUNTERWORLDICEBORNE110_thumbnail.webp
111,缩略/MONSTERHUNTERWORLDICEBORNE111_thumbnail.webp
112,缩略/MONSTERHUNTERWORLDICEBORNE112_thumbnail.webp
113,缩略/MONSTERHUNTERWORLDICEBORNE113_thumbnail.webp
114,缩略/MONSTERHUNTERWORLDICEBORNE114_thumbnail.webp
115,缩略/MONSTERHUNTERWORLDICEBORNE115_thumbnail.webp
116,缩略/MONSTERHUNTERWORLDICEBORNE116_thumbnail.webp
117,缩略/MONSTERHUNTERWORLDICEBORNE117_thumbnail.webp
118,缩略/MONSTERHUNTERWORLDICEBORNE118_thumbnail.webp
119,缩略/MONSTERHUNTERWORLDICEBORNE119_thumbnail.webp
11,缩略/MONSTERHUNTERWORLDICEBORNE11_thumbnail.webp
120,缩略/MONSTERHUNTERWORLDICEBORNE120_thumbnail.webp
121,缩略/MONSTERHUNTERWORLDICEBORNE121_thumbnail.webp
122,缩略/MONSTERHUNTERWORLDICEBORNE122_thumbnail.webp
123,缩略/MONSTERHUNTERWORLDICEBORNE123_thumbnail.webp
124,缩略/MONSTERHUNTERWORLDICEBORNE124_thumbnail.webp
125,缩略/MONSTERHUNTERWORLDICEBORNE125_thumbnail.webp
126,缩略/MONSTERHUNTERWORLDICEBORNE126_thumbnail.webp
127,缩略/MONSTERHUNTERWORLDICEBORNE127_thumbnail.webp
128,缩略/MONSTERHUNTERWORLDICEBORNE128_thumbnail.webp
129,缩略/MONSTERHUNTERWORLDICEBORNE129_thumbnail.webp
12,缩略/MONSTERHUNTERWORLDICEBORNE12_thumbnail.webp
130,缩略/MONSTERHUNTERWORLDICEBORNE130_thumbnail.webp
131,缩略/MONSTERHUNTERWORLDICEBORNE131_thumbnail.webp
132,缩略/MONSTERHUNTERWORLDICEBORNE132_thumbnail.webp
133,缩略/MONSTERHUNTERWORLDICEBORNE133_thumbnail.webp
134,缩略/MONSTERHUNTERWORLDICEBORNE134_thumbnail.webp
135,缩略/MONSTERHUNTERWORLDICEBORNE135_thumbnail.webp
136,缩略/MONSTERHUNTERWORLDICEBORNE136_thumbnail.webp
137,缩略/MONSTERHUNTERWORLDICEBORNE137_thumbnail.webp
138,缩略/MONSTERHUNTERWORLDICEBORNE138_thumbnail.webp
139,缩略/MONSTERHUNTERWORLDICEBORNE139_thumbnail.webp
13,缩略/MONSTERHUNTERWORLDICEBORNE13_thumbnail.webp
140,缩略/MONSTERHUNTERWORLDICEBORNE140_thumbnail.webp
141,缩略/MONSTERHUNTERWORLDICEBORNE141_thumbnail.webp
142,缩略/MONSTERHUNTERWORLDICEBORNE142_thumbnail.webp
143,缩略/MONSTERHUNTERWORLDICEBORNE143_thumbnail.webp
144,缩略/MONSTERHUNTERWORLDICEBORNE144_thumbnail.webp
145,缩略/MONSTERHUNTERWORLDICEBORNE145_thumbnail.webp
146,缩略/MONSTERHUNTERWORLDICEBORNE146_thumbnail.webp
147,缩略/MONSTERHUNTERWORLDICEBORNE147_thumbnail.webp
148,缩略/MONSTERHUNTERWORLDICEBORNE148_thumbnail.webp
149,缩略/MONSTERHUNTERWORLDICEBORNE149_thumbnail.webp
14,缩略/MONSTERHUNTERWORLDICEBORNE14_thumbnail.webp
150,缩略/MONSTERHUNTERWORLDICEBORNE150_thumbnail.webp
151,缩略/MONSTERHUNTERWORLDICEBORNE151_thumbnail.webp
152,缩略/MONSTERHUNTERWORLDICEBORNE152_thumbnail.webp
153,缩略/MONSTERHUNTERWORLDICEBORNE153_thumbnail.webp
154,缩略/MONSTERHUNTERWORLDICEBORNE154_thumbnail.webp
155,缩略/MONSTERHUNTERWORLDICEBORNE155_thumbnail.webp
156,缩略/MONSTERHUNTERWORLDICEBORNE156_thumbnail.webp
157,缩略/MONSTERHUNTERWORLDICEBORNE157_thumbnail.webp
158,缩略/MONSTERHUNTERWORLDICEBORNE158_thumbnail.webp
159,缩略/MONSTERHUNTERWORLDICEBORNE159_thumbnail.webp
15,缩略/MONSTERHUNTERWORLDICEBORNE15_thumbnail.webp
160,缩略/MONSTERHUNTERWORLDICEBORNE160_thumbnail.webp
161,缩略/MONSTERHUNTERWORLDICEBORNE161_thumbnail.webp
162,缩略/MONSTERHUNTERWORLDICEBORNE162_thumbnail.webp
163,缩略/MONSTERHUNTERWORLDICEBORNE163_thumbnail.webp
164,缩略/MONSTERHUNTERWORLDICEBORNE164_thumbnail.webp
165,缩略/MONSTERHUNTERWORLDICEBORNE165_thumbnail.webp
166,缩略/MONSTERHUNTERWORLDICEBORNE166_thumbnail.webp
167,缩略/MONSTERHUNTERWORLDICEBORNE167_thumbnail.webp
168,缩略/MONSTERHUNTERWORLDICEBORNE168_thumbnail.webp
169,缩略/MONSTERHUNTERWORLDICEBORNE169_thumbnail.webp
16,缩略/MONSTERHUNTERWORLDICEBORNE16_thumbnail.webp
170,缩略/MONSTERHUNTERWORLDICEBORNE170_thumbnail.webp
171,缩略/MONSTERHUNTERWORLDICEBORNE171_thumbnail.webp
172,缩略/MONSTERHUNTERWORLDICEBORNE172_thumbnail.webp
173,缩略/MONSTERHUNTERWORLDICEBORNE173_thumbnail.webp
174,缩略/MONSTERHUNTERWORLDICEBORNE174_thumbnail.webp
175,缩略/MONSTERHUNTERWORLDICEBORNE175_thumbnail.webp
176,缩略/MONSTERHUNTERWORLDICEBORNE176_thumbnail.webp
177,缩略/MONSTERHUNTERWORLDICEBORNE177_thumbnail.webp
178,缩略/MONSTERHUNTERWORLDICEBORNE178_thumbnail.webp
179,缩略/MONSTERHUNTERWORLDICEBORNE179_thumbnail.webp
17,缩略/MONSTERHUNTERWORLDICEBORNE17_thumbnail.webp
180,缩略/MONSTERHUNTERWORLDICEBORNE180_thumbnail.webp
181,缩略/MONSTERHUNTERWORLDICEBORNE181_thumbnail.webp
182,缩略/MONSTERHUNTERWORLDICEBORNE182_thumbnail.webp
183,缩略/MONSTERHUNTERWORLDICEBORNE183_thumbnail.webp
184,缩略/MONSTERHUNTERWORLDICEBORNE184_thumbnail.webp
185,缩略/MONSTERHUNTERWORLDICEBORNE185_thumbnail.webp
186,缩略/MONSTERHUNTERWORLDICEBORNE186_thumbnail.webp
187,缩略/MONSTERHUNTERWORLDICEBORNE187_thumbnail.webp
188,缩略/MONSTERHUNTERWORLDICEBORNE188_thumbnail.webp
189,缩略/MONSTERHUNTERWORLDICEBORNE189_thumbnail.webp
18,缩略/MONSTERHUNTERWORLDICEBORNE18_thumbnail.webp
190,缩略/MONSTERHUNTERWORLDICEBORNE190_thumbnail.webp
191,缩略/MONSTERHUNTERWORLDICEBORNE191_thumbnail.webp
192,缩略/MONSTERHUNTERWORLDICEBORNE192_thumbnail.webp
193,缩略/MONSTERHUNTERWORLDICEBORNE193_thumbnail.webp
194,缩略/MONSTERHUNTERWORLDICEBORNE194_thumbnail.webp
195,缩略/MONSTERHUNTERWORLDICEBORNE195_thumbnail.webp
196,缩略/MONSTERHUNTERWORLDICEBORNE196_thumbnail.webp
197,缩略/MONSTERHUNTERWORLDICEBORNE197_thumbnail.webp
198,缩略/MONSTERHUNTERWORLDICEBORNE198_thumbnail.webp
199,缩略/MONSTERHUNTERWORLDICEBORNE199_thumbnail.webp
19,缩略/MONSTERHUNTERWORLDICEBORNE19_thumbnail.webp
1,缩略/MONSTERHUNTERWORLDICEBORNE1_thumbnail.webp
200,缩略/MONSTERHUNTERWORLDICEBORNE200_thumbnail.webp
201,缩略/MONSTERHUNTERWORLDICEBORNE201_thumbnail.webp
202,缩略/MONSTERHUNTERWORLDICEBORNE202_thumbnail.webp
203,缩略/MONSTERHUNTERWORLDICEBORNE203_thumbnail.webp
204,缩略/MONSTERHUNTERWORLDICEBORNE204_thumbnail.webp
205,缩略/MONSTERHUNTERWORLDICEBORNE205_thumbnail.webp
206,缩略/MONSTERHUNTERWORLDICEBORNE206_thumbnail.webp
207,缩略/MONSTERHUNTERWORLDICEBORNE207_thumbnail.webp
208,缩略/MONSTERHUNTERWORLDICEBORNE208_thumbnail.webp
209,缩略/MONSTERHUNTERWORLDICEBORNE209_thumbnail.webp
20,缩略/MONSTERHUNTERWORLDICEBORNE20_thumbnail.webp
210,缩略/MONSTERHUNTERWORLDICEBORNE210_thumbnail.webp
211,缩略/MONSTERHUNTERWORLDICEBORNE211_thumbnail.webp
212,缩略/MONSTERHUNTERWORLDICEBORNE212_thumbnail.webp
213,缩略/MONSTERHUNTERWORLDICEBORNE213_thumbnail.webp
214,缩略/MONSTERHUNTERWORLDICEBORNE214_thumbnail.webp
215,缩略/MONSTERHUNTERWORLDICEBORNE215_thumbnail.webp
216,缩略/MONSTERHUNTERWORLDICEBORNE216_thumbnail.webp
217,缩略/MONSTERHUNTERWORLDICEBORNE217_thumbnail.webp
218,缩略/MONSTERHUNTERWORLDICEBORNE218_thumbnail.webp
219,缩略/MONSTERHUNTERWORLDICEBORNE219_thumbnail.webp
21,缩略/MONSTERHUNTERWORLDICEBORNE21_thumbnail.webp
220,缩略/MONSTERHUNTERWORLDICEBORNE220_thumbnail.webp
221,缩略/MONSTERHUNTERWORLDICEBORNE221_thumbnail.webp
222,缩略/MONSTERHUNTERWORLDICEBORNE222_thumbnail.webp
223,缩略/MONSTERHUNTERWORLDICEBORNE223_thumbnail.webp
224,缩略/MONSTERHUNTERWORLDICEBORNE224_thumbnail.webp
225,缩略/MONSTERHUNTERWORLDICEBORNE225_thumbnail.webp
226,缩略/MONSTERHUNTERWORLDICEBORNE226_thumbnail.webp
227,缩略/MONSTERHUNTERWORLDICEBORNE227_thumbnail.webp
228,缩略/MONSTERHUNTERWORLDICEBORNE228_thumbnail.webp
229,缩略/MONSTERHUNTERWORLDICEBORNE229_thumbnail.webp
22,缩略/MONSTERHUNTERWORLDICEBORNE22_thumbnail.webp
230,缩略/MONSTERHUNTERWORLDICEBORNE230_thumbnail.webp
231,缩略/MONSTERHUNTERWORLDICEBORNE231_thumbnail.webp
232,缩略/MONSTERHUNTERWORLDICEBORNE232_thumbnail.webp
233,缩略/MONSTERHUNTERWORLDICEBORNE233_thumbnail.webp
234,缩略/MONSTERHUNTERWORLDICEBORNE234_thumbnail.webp
235,缩略/MONSTERHUNTERWORLDICEBORNE235_thumbnail.webp
236,缩略/MONSTERHUNTERWORLDICEBORNE236_thumbnail.webp
237,缩略/MONSTERHUNTERWORLDICEBORNE237_thumbnail.webp
238,缩略/MONSTERHUNTERWORLDICEBORNE238_thumbnail.webp
239,缩略/MONSTERHUNTERWORLDICEBORNE239_thumbnail.webp
23,缩略/MONSTERHUNTERWORLDICEBORNE23_thumbnail.webp
240,缩略/MONSTERHUNTERWORLDICEBORNE240_thumbnail.webp
241,缩略/MONSTERHUNTERWORLDICEBORNE241_thumbnail.webp
242,缩略/MONSTERHUNTERWORLDICEBORNE242_thumbnail.webp
243,缩略/MONSTERHUNTERWORLDICEBORNE243_thumbnail.webp
244,缩略/MONSTERHUNTERWORLDICEBORNE244_thumbnail.webp
245,缩略/MONSTERHUNTERWORLDICEBORNE245_thumbnail.webp
246,缩略/MONSTERHUNTERWORLDICEBORNE246_thumbnail.webp
247,缩略/MONSTERHUNTERWORLDICEBORNE247_thumbnail.webp
248,缩略/MONSTERHUNTERWORLDICEBORNE248_thumbnail.webp
249,缩略/MONSTERHUNTERWORLDICEBORNE249_thumbnail.webp
24,缩略/MONSTERHUNTERWORLDICEBORNE24_thumbnail.webp
250,缩略/MONSTERHUNTERWORLDICEBORNE250_thumbnail.webp
251,缩略/MONSTERHUNTERWORLDICEBORNE251_thumbnail.webp
252,缩略/MONSTERHUNTERWORLDICEBORNE252_thumbnail.webp
253,缩略/MONSTERHUNTERWORLDICEBORNE253_thumbnail.webp
254,缩略/MONSTERHUNTERWORLDICEBORNE254_thumbnail.webp
255,缩略/MONSTERHUNTERWORLDICEBORNE255_thumbnail.webp
256,缩略/MONSTERHUNTERWORLDICEBORNE256_thumbnail.webp
257,缩略/MONSTERHUNTERWORLDICEBORNE257_thumbnail.webp
258,缩略/MONSTERHUNTERWORLDICEBORNE258_thumbnail.webp
259,缩略/MONSTERHUNTERWORLDICEBORNE259_thumbnail.webp
25,缩略/MONSTERHUNTERWORLDICEBORNE25_thumbnail.webp
260,缩略/MONSTERHUNTERWORLDICEBORNE260_thumbnail.webp
261,缩略/MONSTERHUNTERWORLDICEBORNE261_thumbnail.webp
262,缩略/MONSTERHUNTERWORLDICEBORNE262_thumbnail.webp
263,缩略/MONSTERHUNTERWORLDICEBORNE263_thumbnail.webp
264,缩略/MONSTERHUNTERWORLDICEBORNE264_thumbnail.webp
265,缩略/MONSTERHUNTERWORLDICEBORNE265_thumbnail.webp
266,缩略/MONSTERHUNTERWORLDICEBORNE266_thumbnail.webp
267,缩略/MONSTERHUNTERWORLDICEBORNE267_thumbnail.webp
268,缩略/MONSTERHUNTERWORLDICEBORNE268_thumbnail.webp
269,缩略/MONSTERHUNTERWORLDICEBORNE269_thumbnail.webp
26,缩略/MONSTERHUNTERWORLDICEBORNE26_thumbnail.webp
270,缩略/MONSTERHUNTERWORLDICEBORNE270_thumbnail.webp
271,缩略/MONSTERHUNTERWORLDICEBORNE271_thumbnail.webp
272,缩略/MONSTERHUNTERWORLDICEBORNE272_thumbnail.webp
273,缩略/MONSTERHUNTERWORLDICEBORNE273_thumbnail.webp
274,缩略/MONSTERHUNTERWORLDICEBORNE274_thumbnail.webp
275,缩略/MONSTERHUNTERWORLDICEBORNE275_thumbnail.webp
276,缩略/MONSTERHUNTERWORLDICEBORNE276_thumbnail.webp
277,缩略/MONSTERHUNTERWORLDICEBORNE277_thumbnail.webp
278,缩略/MONSTERHUNTERWORLDICEBORNE278_thumbnail.webp
279,缩略/MONSTERHUNTERWORLDICEBORNE279_thumbnail.webp
27,缩略/MONSTERHUNTERWORLDICEBORNE27_thumbnail.webp
280,缩略/MONSTERHUNTERWORLDICEBORNE280_thumbnail.webp
281,缩略/MONSTERHUNTERWORLDICEBORNE281_thumbnail.webp
282,缩略/MONSTERHUNTERWORLDICEBORNE282_thumbnail.webp
283,缩略/MONSTERHUNTERWORLDICEBORNE283_thumbnail.webp
284,缩略/MONSTERHUNTERWORLDICEBORNE284_thumbnail.webp
285,缩略/MONSTERHUNTERWORLDICEBORNE285_thumbnail.webp
286,缩略/MONSTERHUNTERWORLDICEBORNE286_thumbnail.webp
287,缩略/MONSTERHUNTERWORLDICEBORNE287_thumbnail.webp
288,缩略/MONSTERHUNTERWORLDICEBORNE288_thumbnail.webp
289,缩略/MONSTERHUNTERWORLDICEBORNE289_thumbnail.webp
28,缩略/MONSTERHUNTERWORLDICEBORNE28_thumbnail.webp
290,缩略/MONSTERHUNTERWORLDICEBORNE290_thumbnail.webp
291,缩略/MONSTERHUNTERWORLDICEBORNE291_thumbnail.webp
292,缩略/MONSTERHUNTERWORLDICEBORNE292_thumbnail.webp
293,缩略/MONSTERHUNTERWORLDICEBORNE293_thumbnail.webp
294,缩略/MONSTERHUNTERWORLDICEBORNE294_thumbnail.webp
295,缩略/MONSTERHUNTERWORLDICEBORNE295_thumbnail.webp
296,缩略/MONSTERHUNTERWORLDICEBORNE296_thumbnail.webp
297,缩略/MONSTERHUNTERWORLDICEBORNE297_thumbnail.webp
298,缩略/MONSTERHUNTERWORLDICEBORNE298_thumbnail.webp
299,缩略/MONSTERHUNTERWORLDICEBORNE299_thumbnail.webp
29,缩略/MONSTERHUNTERWORLDICEBORNE29_thumbnail.webp
2,缩略/MONSTERHUNTERWORLDICEBORNE2_thumbnail.webp
300,缩略/MONSTERHUNTERWORLDICEBORNE300_thumbnail.webp
301,缩略/MONSTERHUNTERWORLDICEBORNE301_thumbnail.webp
302,缩略/MONSTERHUNTERWORLDICEBORNE302_thumbnail.webp
303,缩略/MONSTERHUNTERWORLDICEBORNE303_thumbnail.webp
304,缩略/MONSTERHUNTERWORLDICEBORNE304_thumbnail.webp
305,缩略/MONSTERHUNTERWORLDICEBORNE305_thumbnail.webp
306,缩略/MONSTERHUNTERWORLDICEBORNE306_thumbnail.webp
307,缩略/MONSTERHUNTERWORLDICEBORNE307_thumbnail.webp
308,缩略/MONSTERHUNTERWORLDICEBORNE308_thumbnail.webp
309,缩略/MONSTERHUNTERWORLDICEBORNE309_thumbnail.webp
30,缩略/MONSTERHUNTERWORLDICEBORNE30_thumbnail.webp
310,缩略/MONSTERHUNTERWORLDICEBORNE310_thumbnail.webp
311,缩略/MONSTERHUNTERWORLDICEBORNE311_thumbnail.webp
312,缩略/MONSTERHUNTERWORLDICEBORNE312_thumbnail.webp
313,缩略/MONSTERHUNTERWORLDICEBORNE313_thumbnail.webp
314,缩略/MONSTERHUNTERWORLDICEBORNE314_thumbnail.webp
315,缩略/MONSTERHUNTERWORLDICEBORNE315_thumbnail.webp
316,缩略/MONSTERHUNTERWORLDICEBORNE316_thumbnail.webp
317,缩略/MONSTERHUNTERWORLDICEBORNE317_thumbnail.webp
318,缩略/MONSTERHUNTERWORLDICEBORNE318_thumbnail.webp
319,缩略/MONSTERHUNTERWORLDICEBORNE319_thumbnail.webp
31,缩略/MONSTERHUNTERWORLDICEBORNE31_thumbnail.webp
320,缩略/MONSTERHUNTERWORLDICEBORNE320_thumbnail.webp
321,缩略/MONSTERHUNTERWORLDICEBORNE321_thumbnail.webp
322,缩略/MONSTERHUNTERWORLDICEBORNE322_thumbnail.webp
323,缩略/MONSTERHUNTERWORLDICEBORNE323_thumbnail.webp
324,缩略/MONSTERHUNTERWORLDICEBORNE324_thumbnail.webp
325,缩略/MONSTERHUNTERWORLDICEBORNE325_thumbnail.webp
326,缩略/MONSTERHUNTERWORLDICEBORNE326_thumbnail.webp
327,缩略/MONSTERHUNTERWORLDICEBORNE327_thumbnail.webp
328,缩略/MONSTERHUNTERWORLDICEBORNE328_thumbnail.webp
329,缩略/MONSTERHUNTERWORLDICEBORNE329_thumbnail.webp
32,缩略/MONSTERHUNTERWORLDICEBORNE32_thumbnail.webp
330,缩略/MONSTERHUNTERWORLDICEBORNE330_thumbnail.webp
331,缩略/MONSTERHUNTERWORLDICEBORNE331_thumbnail.webp
332,缩略/MONSTERHUNTERWORLDICEBORNE332_thumbnail.webp
333,缩略/MONSTERHUNTERWORLDICEBORNE333_thumbnail.webp
334,缩略/MONSTERHUNTERWORLDICEBORNE334_thumbnail.webp
335,缩略/MONSTERHUNTERWORLDICEBORNE335_thumbnail.webp
336,缩略/MONSTERHUNTERWORLDICEBORNE336_thumbnail.webp
337,缩略/MONSTERHUNTERWORLDICEBORNE337_thumbnail.webp
338,缩略/MONSTERHUNTERWORLDICEBORNE338_thumbnail.webp
339,缩略/MONSTERHUNTERWORLDICEBORNE339_thumbnail.webp
33,缩略/MONSTERHUNTERWORLDICEBORNE33_thumbnail.webp
340,缩略/MONSTERHUNTERWORLDICEBORNE340_thumbnail.webp
341,缩略/MONSTERHUNTERWORLDICEBORNE341_thumbnail.webp
342,缩略/MONSTERHUNTERWORLDICEBORNE342_thumbnail.webp
343,缩略/MONSTERHUNTERWORLDICEBORNE343_thumbnail.webp
344,缩略/MONSTERHUNTERWORLDICEBORNE344_thumbnail.webp
345,缩略/MONSTERHUNTERWORLDICEBORNE345_thumbnail.webp
346,缩略/MONSTERHUNTERWORLDICEBORNE346_thumbnail.webp
347,缩略/MONSTERHUNTERWORLDICEBORNE347_thumbnail.webp
348,缩略/MONSTERHUNTERWORLDICEBORNE348_thumbnail.webp
349,缩略/MONSTERHUNTERWORLDICEBORNE349_thumbnail.webp
34,缩略/MONSTERHUNTERWORLDICEBORNE34_thumbnail.webp
350,缩略/MONSTERHUNTERWORLDICEBORNE350_thumbnail.webp
351,缩略/MONSTERHUNTERWORLDICEBORNE351_thumbnail.webp
352,缩略/MONSTERHUNTERWORLDICEBORNE352_thumbnail.webp
353,缩略/MONSTERHUNTERWORLDICEBORNE353_thumbnail.webp
354,缩略/MONSTERHUNTERWORLDICEBORNE354_thumbnail.webp
355,缩略/MONSTERHUNTERWORLDICEBORNE355_thumbnail.webp
356,缩略/MONSTERHUNTERWORLDICEBORNE356_thumbnail.webp
357,缩略/MONSTERHUNTERWORLDICEBORNE357_thumbnail.webp
358,缩略/MONSTERHUNTERWORLDICEBORNE358_thumbnail.webp
359,缩略/MONSTERHUNTERWORLDICEBORNE359_thumbnail.webp
35,缩略/MONSTERHUNTERWORLDICEBORNE35_thumbnail.webp
360,缩略/MONSTERHUNTERWORLDICEBORNE360_thumbnail.webp
361,缩略/MONSTERHUNTERWORLDICEBORNE361_thumbnail.webp
362,缩略/MONSTERHUNTERWORLDICEBORNE362_thumbnail.webp
363,缩略/MONSTERHUNTERWORLDICEBORNE363_thumbnail.webp
364,缩略/MONSTERHUNTERWORLDICEBORNE364_thumbnail.webp
365,缩略/MONSTERHUNTERWORLDICEBORNE365_thumbnail.webp
366,缩略/MONSTERHUNTERWORLDICEBORNE366_thumbnail.webp
367,缩略/MONSTERHUNTERWORLDICEBORNE367_thumbnail.webp
368,缩略/MONSTERHUNTERWORLDICEBORNE368_thumbnail.webp
369,缩略/MONSTERHUNTERWORLDICEBORNE369_thumbnail.webp
36,缩略/MONSTERHUNTERWORLDICEBORNE36_thumbnail.webp
370,缩略/MONSTERHUNTERWORLDICEBORNE370_thumbnail.webp
371,缩略/MONSTERHUNTERWORLDICEBORNE371_thumbnail.webp
372,缩略/MONSTERHUNTERWORLDICEBORNE372_thumbnail.webp
373,缩略/MONSTERHUNTERWORLDICEBORNE373_thumbnail.webp
374,缩略/MONSTERHUNTERWORLDICEBORNE374_thumbnail.webp
375,缩略/MONSTERHUNTERWORLDICEBORNE375_thumbnail.webp
376,缩略/MONSTERHUNTERWORLDICEBORNE376_thumbnail.webp
377,缩略/MONSTERHUNTERWORLDICEBORNE377_thumbnail.webp
378,缩略/MONSTERHUNTERWORLDICEBORNE378_thumbnail.webp
379,缩略/MONSTERHUNTERWORLDICEBORNE379_thumbnail.webp
37,缩略/MONSTERHUNTERWORLDICEBORNE37_thumbnail.webp
380,缩略/MONSTERHUNTERWORLDICEBORNE380_thumbnail.webp
381,缩略/MONSTERHUNTERWORLDICEBORNE381_thumbnail.webp
382,缩略/MONSTERHUNTERWORLDICEBORNE382_thumbnail.webp
383,缩略/MONSTERHUNTERWORLDICEBORNE383_thumbnail.webp
384,缩略/MONSTERHUNTERWORLDICEBORNE384_thumbnail.webp
385,缩略/MONSTERHUNTERWORLDICEBORNE385_thumbnail.webp
386,缩略/MONSTERHUNTERWORLDICEBORNE386_thumbnail.webp
387,缩略/MONSTERHUNTERWORLDICEBORNE387_thumbnail.webp
388,缩略/MONSTERHUNTERWORLDICEBORNE388_thumbnail.webp
389,缩略/MONSTERHUNTERWORLDICEBORNE389_thumbnail.webp
38,缩略/MONSTERHUNTERWORLDICEBORNE38_thumbnail.webp
390,缩略/MONSTERHUNTERWORLDICEBORNE390_thumbnail.webp
391,缩略/MONSTERHUNTERWORLDICEBORNE391_thumbnail.webp
392,缩略/MONSTERHUNTERWORLDICEBORNE392_thumbnail.webp
393,缩略/MONSTERHUNTERWORLDICEBORNE393_thumbnail.webp
394,缩略/MONSTERHUNTERWORLDICEBORNE394_thumbnail.webp
395,缩略/MONSTERHUNTERWORLDICEBORNE395_thumbnail.webp
396,缩略/MONSTERHUNTERWORLDICEBORNE396_thumbnail.webp
397,缩略/MONSTERHUNTERWORLDICEBORNE397_thumbnail.webp
398,缩略/MONSTERHUNTERWORLDICEBORNE398_thumbnail.webp
399,缩略/MONSTERHUNTERWORLDICEBORNE399_thumbnail.webp
39,缩略/MONSTERHUNTERWORLDICEBORNE39_thumbnail.webp
3,缩略/MONSTERHUNTERWORLDICEBORNE3_thumbnail.webp
400,缩略/MONSTERHUNTERWORLDICEBORNE400_thumbnail.webp
401,缩略/MONSTERHUNTERWORLDICEBORNE401_thumbnail.webp
402,缩略/MONSTERHUNTERWORLDICEBORNE402_thumbnail.webp
403,缩略/MONSTERHUNTERWORLDICEBORNE403_thumbnail.webp
404,缩略/MONSTERHUNTERWORLDICEBORNE404_thumbnail.webp
405,缩略/MONSTERHUNTERWORLDICEBORNE405_thumbnail.webp
406,缩略/MONSTERHUNTERWORLDICEBORNE406_thumbnail.webp
407,缩略/MONSTERHUNTERWORLDICEBORNE407_thumbnail.webp
408,缩略/MONSTERHUNTERWORLDICEBORNE408_thumbnail.webp
409,缩略/MONSTERHUNTERWORLDICEBORNE409_thumbnail.webp
40,缩略/MONSTERHUNTERWORLDICEBORNE40_thumbnail.webp
410,缩略/MONSTERHUNTERWORLDICEBORNE410_thumbnail.webp
411,缩略/MONSTERHUNTERWORLDICEBORNE411_thumbnail.webp
412,缩略/MONSTERHUNTERWORLDICEBORNE412_thumbnail.webp
413,缩略/MONSTERHUNTERWORLDICEBORNE413_thumbnail.webp
414,缩略/MONSTERHUNTERWORLDICEBORNE414_thumbnail.webp
415,缩略/MONSTERHUNTERWORLDICEBORNE415_thumbnail.webp
416,缩略/MONSTERHUNTERWORLDICEBORNE416_thumbnail.webp
417,缩略/MONSTERHUNTERWORLDICEBORNE417_thumbnail.webp
418,缩略/MONSTERHUNTERWORLDICEBORNE418_thumbnail.webp
419,缩略/MONSTERHUNTERWORLDICEBORNE419_thumbnail.webp
41,缩略/MONSTERHUNTERWORLDICEBORNE41_thumbnail.webp
420,缩略/MONSTERHUNTERWORLDICEBORNE420_thumbnail.webp
421,缩略/MONSTERHUNTERWORLDICEBORNE421_thumbnail.webp
422,缩略/MONSTERHUNTERWORLDICEBORNE422_thumbnail.webp
423,缩略/MONSTERHUNTERWORLDICEBORNE423_thumbnail.webp
424,缩略/MONSTERHUNTERWORLDICEBORNE424_thumbnail.webp
425,缩略/MONSTERHUNTERWORLDICEBORNE425_thumbnail.webp
426,缩略/MONSTERHUNTERWORLDICEBORNE426_thumbnail.webp
427,缩略/MONSTERHUNTERWORLDICEBORNE427_thumbnail.webp
428,缩略/MONSTERHUNTERWORLDICEBORNE428_thumbnail.webp
429,缩略/MONSTERHUNTERWORLDICEBORNE429_thumbnail.webp
42,缩略/MONSTERHUNTERWORLDICEBORNE42_thumbnail.webp
430,缩略/MONSTERHUNTERWORLDICEBORNE430_thumbnail.webp
431,缩略/MONSTERHUNTERWORLDICEBORNE431_thumbnail.webp
432,缩略/MONSTERHUNTERWORLDICEBORNE432_thumbnail.webp
433,缩略/MONSTERHUNTERWORLDICEBORNE433_thumbnail.webp
434,缩略/MONSTERHUNTERWORLDICEBORNE434_thumbnail.webp
435,缩略/MONSTERHUNTERWORLDICEBORNE435_thumbnail.webp
436,缩略/MONSTERHUNTERWORLDICEBORNE436_thumbnail.webp
437,缩略/MONSTERHUNTERWORLDICEBORNE437_thumbnail.webp
438,缩略/MONSTERHUNTERWORLDICEBORNE438_thumbnail.webp
439,缩略/MONSTERHUNTERWORLDICEBORNE439_thumbnail.webp
43,缩略/MONSTERHUNTERWORLDICEBORNE43_thumbnail.webp
440,缩略/MONSTERHUNTERWORLDICEBORNE440_thumbnail.webp
441,缩略/MONSTERHUNTERWORLDICEBORNE441_thumbnail.webp
442,缩略/MONSTERHUNTERWORLDICEBORNE442_thumbnail.webp
443,缩略/MONSTERHUNTERWORLDICEBORNE443_thumbnail.webp
444,缩略/MONSTERHUNTERWORLDICEBORNE444_thumbnail.webp
445,缩略/MONSTERHUNTERWORLDICEBORNE445_thumbnail.webp
446,缩略/MONSTERHUNTERWORLDICEBORNE446_thumbnail.webp
447,缩略/MONSTERHUNTERWORLDICEBORNE447_thumbnail.webp
448,缩略/MONSTERHUNTERWORLDICEBORNE448_thumbnail.webp
449,缩略/MONSTERHUNTERWORLDICEBORNE449_thumbnail.webp
44,缩略/MONSTERHUNTERWORLDICEBORNE44_thumbnail.webp
450,缩略/MONSTERHUNTERWORLDICEBORNE450_thumbnail.webp
451,缩略/MONSTERHUNTERWORLDICEBORNE451_thumbnail.webp
452,缩略/MONSTERHUNTERWORLDICEBORNE452_thumbnail.webp
453,缩略/MONSTERHUNTERWORLDICEBORNE453_thumbnail.webp
454,缩略/MONSTERHUNTERWORLDICEBORNE454_thumbnail.webp
455,缩略/MONSTERHUNTERWORLDICEBORNE455_thumbnail.webp
456,缩略/MONSTERHUNTERWORLDICEBORNE456_thumbnail.webp
457,缩略/MONSTERHUNTERWORLDICEBORNE457_thumbnail.webp
458,缩略/MONSTERHUNTERWORLDICEBORNE458_thumbnail.webp
459,缩略/MONSTERHUNTERWORLDICEBORNE459_thumbnail.webp
45,缩略/MONSTERHUNTERWORLDICEBORNE45_thumbnail.webp
460,缩略/MONSTERHUNTERWORLDICEBORNE460_thumbnail.webp
461,缩略/MONSTERHUNTERWORLDICEBORNE461_thumbnail.webp
462,缩略/MONSTERHUNTERWORLDICEBORNE462_thumbnail.webp
463,缩略/MONSTERHUNTERWORLDICEBORNE463_thumbnail.webp
464,缩略/MONSTERHUNTERWORLDICEBORNE464_thumbnail.webp
465,缩略/MONSTERHUNTERWORLDICEBORNE465_thumbnail.webp
466,缩略/MONSTERHUNTERWORLDICEBORNE466_thumbnail.webp
467,缩略/MONSTERHUNTERWORLDICEBORNE467_thumbnail.webp
468,缩略/MONSTERHUNTERWORLDICEBORNE468_thumbnail.webp
469,缩略/MONSTERHUNTERWORLDICEBORNE469_thumbnail.webp
46,缩略/MONSTERHUNTERWORLDICEBORNE46_thumbnail.webp
470,缩略/MONSTERHUNTERWORLDICEBORNE470_thumbnail.webp
471,缩略/MONSTERHUNTERWORLDICEBORNE471_thumbnail.webp
472,缩略/MONSTERHUNTERWORLDICEBORNE472_thumbnail.webp
473,缩略/MONSTERHUNTERWORLDICEBORNE473_thumbnail.webp
474,缩略/MONSTERHUNTERWORLDICEBORNE474_thumbnail.webp
475,缩略/MONSTERHUNTERWORLDICEBORNE475_thumbnail.webp
476,缩略/MONSTERHUNTERWORLDICEBORNE476_thumbnail.webp
477,缩略/MONSTERHUNTERWORLDICEBORNE477_thumbnail.webp
478,缩略/MONSTERHUNTERWORLDICEBORNE478_thumbnail.webp
479,缩略/MONSTERHUNTERWORLDICEBORNE479_thumbnail.webp
47,缩略/MONSTERHUNTERWORLDICEBORNE47_thumbnail.webp
480,缩略/MONSTERHUNTERWORLDICEBORNE480_thumbnail.webp
481,缩略/MONSTERHUNTERWORLDICEBORNE481_thumbnail.webp
482,缩略/MONSTERHUNTERWORLDICEBORNE482_thumbnail.webp
483,缩略/MONSTERHUNTERWORLDICEBORNE483_thumbnail.webp
484,缩略/MONSTERHUNTERWORLDICEBORNE484_thumbnail.webp
48,缩略/MONSTERHUNTERWORLDICEBORNE48_thumbnail.webp
49,缩略/MONSTERHUNTERWORLDICEBORNE49_thumbnail.webp
4,缩略/MONSTERHUNTERWORLDICEBORNE4_thumbnail.webp
50,缩略/MONSTERHUNTERWORLDICEBORNE50_thumbnail.webp
51,缩略/MONSTERHUNTERWORLDICEBORNE51_thumbnail.webp
52,缩略/MONSTERHUNTERWORLDICEBORNE52_thumbnail.webp
53,缩略/MONSTERHUNTERWORLDICEBORNE53_thumbnail.webp
54,缩略/MONSTERHUNTERWORLDICEBORNE54_thumbnail.webp
55,缩略/MONSTERHUNTERWORLDICEBORNE55_thumbnail.webp
56,缩略/MONSTERHUNTERWORLDICEBORNE56_thumbnail.webp
57,缩略/MONSTERHUNTERWORLDICEBORNE57_thumbnail.webp
58,缩略/MONSTERHUNTERWORLDICEBORNE58_thumbnail.webp
59,缩略/MONSTERHUNTERWORLDICEBORNE59_thumbnail.webp
5,缩略/MONSTERHUNTERWORLDICEBORNE5_thumbnail.webp
60,缩略/MONSTERHUNTERWORLDICEBORNE60_thumbnail.webp
61,缩略/MONSTERHUNTERWORLDICEBORNE61_thumbnail.webp
62,缩略/MONSTERHUNTERWORLDICEBORNE62_thumbnail.webp
63,缩略/MONSTERHUNTERWORLDICEBORNE63_thumbnail.webp
64,缩略/MONSTERHUNTERWORLDICEBORNE64_thumbnail.webp
65,缩略/MONSTERHUNTERWORLDICEBORNE65_thumbnail.webp
66,缩略/MONSTERHUNTERWORLDICEBORNE66_thumbnail.webp
67,缩略/MONSTERHUNTERWORLDICEBORNE67_thumbnail.webp
68,缩略/MONSTERHUNTERWORLDICEBORNE68_thumbnail.webp
69,缩略/MONSTERHUNTERWORLDICEBORNE69_thumbnail.webp
6,缩略/MONSTERHUNTERWORLDICEBORNE6_thumbnail.webp
70,缩略/MONSTERHUNTERWORLDICEBORNE70_thumbnail.webp
71,缩略/MONSTERHUNTERWORLDICEBORNE71_thumbnail.webp
72,缩略/MONSTERHUNTERWORLDICEBORNE72_thumbnail.webp
73,缩略/MONSTERHUNTERWORLDICEBORNE73_thumbnail.webp
74,缩略/MONSTERHUNTERWORLDICEBORNE74_thumbnail.webp
75,缩略/MONSTERHUNTERWORLDICEBORNE75_thumbnail.webp
76,缩略/MONSTERHUNTERWORLDICEBORNE76_thumbnail.webp
77,缩略/MONSTERHUNTERWORLDICEBORNE77_thumbnail.webp
78,缩略/MONSTERHUNTERWORLDICEBORNE78_thumbnail.webp
79,缩略/MONSTERHUNTERWORLDICEBORNE79_thumbnail.webp
7,缩略/MONSTERHUNTERWORLDICEBORNE7_thumbnail.webp
80,缩略/MONSTERHUNTERWORLDICEBORNE80_thumbnail.webp
81,缩略/MONSTERHUNTERWORLDICEBORNE81_thumbnail.webp
82,缩略/MONSTERHUNTERWORLDICEBORNE82_thumbnail.webp
83,缩略/MONSTERHUNTERWORLDICEBORNE83_thumbnail.webp
84,缩略/MONSTERHUNTERWORLDICEBORNE84_thumbnail.webp
85,缩略/MONSTERHUNTERWORLDICEBORNE85_thumbnail.webp
86,缩略/MONSTERHUNTERWORLDICEBORNE86_thumbnail.webp
87,缩略/MONSTERHUNTERWORLDICEBORNE87_thumbnail.webp
88,缩略/MONSTERHUNTERWORLDICEBORNE88_thumbnail.webp
89,缩略/MONSTERHUNTERWORLDICEBORNE89_thumbnail.webp
8,缩略/MONSTERHUNTERWORLDICEBORNE8_thumbnail.webp
90,缩略/MONSTERHUNTERWORLDICEBORNE90_thumbnail.webp
91,缩略/MONSTERHUNTERWORLDICEBORNE91_thumbnail.webp
92,缩略/MONSTERHUNTERWORLDICEBORNE92_thumbnail.webp
93,缩略/MONSTERHUNTERWORLDICEBORNE93_thumbnail.webp
94,缩略/MONSTERHUNTERWORLDICEBORNE94_thumbnail.webp
95,缩略/MONSTERHUNTERWORLDICEBORNE95_thumbnail.webp
96,缩略/MONSTERHUNTERWORLDICEBORNE96_thumbnail.webp
97,缩略/MONSTERHUNTERWORLDICEBORNE97_thumbnail.webp
98,缩略/MONSTERHUNTERWORLDICEBORNE98_thumbnail.webp
99,缩略/MONSTERHUNTERWORLDICEBORNE99_thumbnail.webp
9,缩略/MONSTERHUNTERWORLDICEBORNE9_thumbnail.webp
