index,category,learning
1,pending_visual_review,Cyberpunk visual system reference
2,pending_visual_review,Cyberpunk visual system reference
3,pending_visual_review,Cyberpunk visual system reference
4,pending_visual_review,Cyberpunk visual system reference
5,pending_visual_review,Cyberpunk visual system reference
6,pending_visual_review,Cyberpunk visual system reference
7,pending_visual_review,Cyberpunk visual system reference
8,pending_visual_review,Cyberpunk visual system reference
9,pending_visual_review,Cyberpunk visual system reference
10,pending_visual_review,Cyberpunk visual system reference
11,pending_visual_review,Cyberpunk visual system reference
12,pending_visual_review,Cyberpunk visual system reference
13,pending_visual_review,Cyberpunk visual system reference
14,pending_visual_review,Cyberpunk visual system reference
15,pending_visual_review,Cyberpunk visual system reference
16,pending_visual_review,Cyberpunk visual system reference
17,pending_visual_review,Cyberpunk visual system reference
18,pending_visual_review,Cyberpunk visual system reference
19,pending_visual_review,Cyberpunk visual system reference
20,pending_visual_review,Cyberpunk visual system reference
21,pending_visual_review,Cyberpunk visual system reference
22,pending_visual_review,Cyberpunk visual system reference
23,pending_visual_review,Cyberpunk visual system reference
24,pending_visual_review,Cyberpunk visual system reference
25,pending_visual_review,Cyberpunk visual system reference
26,pending_visual_review,Cyberpunk visual system reference
27,pending_visual_review,Cyberpunk visual system reference
28,pending_visual_review,Cyberpunk visual system reference
29,pending_visual_review,Cyberpunk visual system reference
30,pending_visual_review,Cyberpunk visual system reference
31,pending_visual_review,Cyberpunk visual system reference
32,pending_visual_review,Cyberpunk visual system reference
33,pending_visual_review,Cyberpunk visual system reference
34,pending_visual_review,Cyberpunk visual system reference
35,pending_visual_review,Cyberpunk visual system reference
36,pending_visual_review,Cyberpunk visual system reference
37,pending_visual_review,Cyberpunk visual system reference
38,pending_visual_review,Cyberpunk visual system reference
39,pending_visual_review,Cyberpunk visual system reference
40,pending_visual_review,Cyberpunk visual system reference
41,pending_visual_review,Cyberpunk visual system reference
42,pending_visual_review,Cyberpunk visual system reference
43,pending_visual_review,Cyberpunk visual system reference
44,pending_visual_review,Cyberpunk visual system reference
45,pending_visual_review,Cyberpunk visual system reference
46,pending_visual_review,Cyberpunk visual system reference
47,pending_visual_review,Cyberpunk visual system reference
48,pending_visual_review,Cyberpunk visual system reference
49,pending_visual_review,Cyberpunk visual system reference
50,pending_visual_review,Cyberpunk visual system reference
51,pending_visual_review,Cyberpunk visual system reference
52,pending_visual_review,Cyberpunk visual system reference
53,pending_visual_review,Cyberpunk visual system reference
54,pending_visual_review,Cyberpunk visual system reference
55,pending_visual_review,Cyberpunk visual system reference
56,pending_visual_review,Cyberpunk visual system reference
57,pending_visual_review,Cyberpunk visual system reference
58,pending_visual_review,Cyberpunk visual system reference
59,pending_visual_review,Cyberpunk visual system reference
60,pending_visual_review,Cyberpunk visual system reference
61,pending_visual_review,Cyberpunk visual system reference
62,pending_visual_review,Cyberpunk visual system reference
63,pending_visual_review,Cyberpunk visual system reference
64,pending_visual_review,Cyberpunk visual system reference
65,pending_visual_review,Cyberpunk visual system reference
66,pending_visual_review,Cyberpunk visual system reference
67,pending_visual_review,Cyberpunk visual system reference
68,pending_visual_review,Cyberpunk visual system reference
69,pending_visual_review,Cyberpunk visual system reference
70,pending_visual_review,Cyberpunk visual system reference
71,pending_visual_review,Cyberpunk visual system reference
72,pending_visual_review,Cyberpunk visual system reference
73,pending_visual_review,Cyberpunk visual system reference
74,pending_visual_review,Cyberpunk visual system reference
75,pending_visual_review,Cyberpunk visual system reference
76,pending_visual_review,Cyberpunk visual system reference
77,pending_visual_review,Cyberpunk visual system reference
78,pending_visual_review,Cyberpunk visual system reference
79,pending_visual_review,Cyberpunk visual system reference
80,pending_visual_review,Cyberpunk visual system reference
81,pending_visual_review,Cyberpunk visual system reference
82,pending_visual_review,Cyberpunk visual system reference
83,pending_visual_review,Cyberpunk visual system reference
84,pending_visual_review,Cyberpunk visual system reference
85,pending_visual_review,Cyberpunk visual system reference
86,pending_visual_review,Cyberpunk visual system reference
87,pending_visual_review,Cyberpunk visual system reference
88,pending_visual_review,Cyberpunk visual system reference
89,pending_visual_review,Cyberpunk visual system reference
90,pending_visual_review,Cyberpunk visual system reference
91,pending_visual_review,Cyberpunk visual system reference
92,pending_visual_review,Cyberpunk visual system reference
93,pending_visual_review,Cyberpunk visual system reference
94,pending_visual_review,Cyberpunk visual system reference
95,pending_visual_review,Cyberpunk visual system reference
96,pending_visual_review,Cyberpunk visual system reference
97,pending_visual_review,Cyberpunk visual system reference
98,pending_visual_review,Cyberpunk visual system reference
99,pending_visual_review,Cyberpunk visual system reference
100,pending_visual_review,Cyberpunk visual system reference
101,pending_visual_review,Cyberpunk visual system reference
102,pending_visual_review,Cyberpunk visual system reference
103,pending_visual_review,Cyberpunk visual system reference
104,pending_visual_review,Cyberpunk visual system reference
105,pending_visual_review,Cyberpunk visual system reference
106,pending_visual_review,Cyberpunk visual system reference
107,pending_visual_review,Cyberpunk visual system reference
108,pending_visual_review,Cyberpunk visual system reference
109,pending_visual_review,Cyberpunk visual system reference
110,pending_visual_review,Cyberpunk visual system reference
111,pending_visual_review,Cyberpunk visual system reference
112,pending_visual_review,Cyberpunk visual system reference
113,pending_visual_review,Cyberpunk visual system reference
114,pending_visual_review,Cyberpunk visual system reference
115,pending_visual_review,Cyberpunk visual system reference
116,pending_visual_review,Cyberpunk visual system reference
117,pending_visual_review,Cyberpunk visual system reference
118,pending_visual_review,Cyberpunk visual system reference
119,pending_visual_review,Cyberpunk visual system reference
120,pending_visual_review,Cyberpunk visual system reference
121,pending_visual_review,Cyberpunk visual system reference
122,pending_visual_review,Cyberpunk visual system reference
123,pending_visual_review,Cyberpunk visual system reference
124,pending_visual_review,Cyberpunk visual system reference
125,pending_visual_review,Cyberpunk visual system reference
126,pending_visual_review,Cyberpunk visual system reference
127,pending_visual_review,Cyberpunk visual system reference
128,pending_visual_review,Cyberpunk visual system reference
129,pending_visual_review,Cyberpunk visual system reference
130,pending_visual_review,Cyberpunk visual system reference
131,pending_visual_review,Cyberpunk visual system reference
132,pending_visual_review,Cyberpunk visual system reference
133,pending_visual_review,Cyberpunk visual system reference
134,pending_visual_review,Cyberpunk visual system reference
135,pending_visual_review,Cyberpunk visual system reference
136,pending_visual_review,Cyberpunk visual system reference
